Workbook

Sheet Daily Totals
A3: Row Labels | B3: Sum of amount
A4: Merchant_001 | B4: 10441
A5: 05-Jan | B5: 1499
A6: 06-Jan | B6: 149
A7: 09-Jan | B7: 5048
A8: 11-Jan | B8: 299
A9: 12-Jan | B9: 149
A10: 17-Jan | B10: 149
A11: 23-Jan | B11: 3148
A12: Merchant_002 | B12: 3640
A13: 07-Jan | B13: 499
A14: 08-Jan | B14: 299
A15: 12-Jan | B15: 348
... A487: Grand Total | B487: 382603

Sheet Merchant Summary
A3: Row Labels | B3: Sum of amount_inr | C3: Count of transaction_id | D3: Distinct Count of date_transaction
A4: Merchant_001
A5: 1
A6: captured | B6: 10142 | C6: 8 | D6: 6
A7: failed | B7: 299 | C7: 1 | D7: 1
A8: Merchant_004
A9: 4
A10: captured | B10: 6941 | C10: 9 | D10: 7
A11: Merchant_007
A12: 7
A13: captured | B13: 11638 | C13: 12 | D13: 10
A14: chargeback | B14: 1999 | C14: 1 | D14: 1
A15: failed | B15: 2297 | C15: 3 | D15: 2
A16: Merchant_013
A17: 13
A18: captured | B18: 10390 | C18: 10 | D18: 9
A19: chargeback | B19: 4999 | C19: 1 | D19: 1
A20: failed | B20: 2999 | C20: 1 | D20: 1
A21: Merchant_017
A22: 17
A23: captured | B23: 12738 | C23: 12 | D23: 9
A24: failed | B24: 299 | C24: 1 | D24: 1
A25: Grand Total | B25: 64741 | C25: 59 | D25: 26

Sheet transactions-views
A1: transaction_id | B1: user_id | C1: merchant_id | D1: transaction_time | E1: date_transaction | F1: amount_inr | G1: payment_method | H1: status | I1: risk_score | J1: merchant_name | K1: category | L1: region | M1: fee percentage | N1: High-Value Merchant Day
A2: TXN100000 | B2: 350 | C2: 16 | D2: 46051.467 | E2: =INT(D2) -> 46051 | F2: 2999 | G2: Wallet | H2: captured | I2: 85 | J2: =_xlfn.IFNA(VLOOKUP(C2,merchants!$A$2:$D$41,2,FALSE),"Merchant not found") -> Merchant_016 | K2: =_xlfn.IFNA(VLOOKUP(C2,merchants!$A$2:$D$41,3,FALSE),"Merchant not found") -> bill_payment | L2: =_xlfn.IFNA(VLOOKUP(C2,merchants!$A$2:$D$41,4,FALSE),"Merchant not found") -> West | M2: =HLOOKUP(G2,Fees!$B$1:$E$2,2,FALSE) -> 0.015 | N2: =IF(AND(K2<>"East",GETPIVOTDATA("amount_inr",'Daily Totals'!$A$4,"merchant_name",J2,"Days (transaction_time)",TEXT(D2,"dd-mmm"))>5000),"High-Value Merchant Day", "Normal") -> Normal
A3: TXN100001 | B3: 287 | C3: 27 | D3: 46026.492 | E3: =INT(D3) -> 46026 | F3: 49 | G3: UPI | H3: captured | I3: 79 | J3: =_xlfn.IFNA(VLOOKUP(C3,merchants!$A$2:$D$41,2,FALSE),"Merchant not found") -> Merchant_027 | K3: =_xlfn.IFNA(VLOOKUP(C3,merchants!$A$2:$D$41,3,FALSE),"Merchant not found") -> ecommerce | L3: =_xlfn.IFNA(VLOOKUP(C3,merchants!$A$2:$D$41,4,FALSE),"Merchant not found") -> North | M3: =HLOOKUP(G3,Fees!$B$1:$E$2,2,FALSE) -> 0 | N3: =IF(AND(K3<>"East",GETPIVOTDATA("amount_inr",'Daily Totals'!$A$4,"merchant_name",J3,"Days (transaction_time)",TEXT(D3,"dd-mmm"))>5000),"High-Value Merchant Day", "Normal") -> Normal
A4: TXN100002 | B4: 122 | C4: 11 | D4: 46046.208 | E4: =INT(D4) -> 46046 | F4: 1499 | G4: Wallet | H4: captured | I4: 22 | J4: =_xlfn.IFNA(VLOOKUP(C4,merchants!$A$2:$D$41,2,FALSE),"Merchant not found") -> Merchant_011 | K4: =_xlfn.IFNA(VLOOKUP(C4,merchants!$A$2:$D$41,3,FALSE),"Merchant not found") -> ecommerce | L4: =_xlfn.IFNA(VLOOKUP(C4,merchants!$A$2:$D$41,4,FALSE),"Merchant not found") -> North | M4: =HLOOKUP(G4,Fees!$B$1:$E$2,2,FALSE) -> 0.015 | N4: =IF(AND(K4<>"East",GETPIVOTDATA("amount_inr",'Daily Totals'!$A$4,"merchant_name",J4,"Days (transaction_time)",TEXT(D4,"dd-mmm"))>5000),"High-Value Merchant Day", "Normal") -> Normal
A5: TXN100003 | B5: 92 | C5: 22 | D5: 46051.542 | E5: =INT(D5) -> 46051 | F5: 49 | G5: Netbanking | H5: captured | I5: 100 | J5: =_xlfn.IFNA(VLOOKUP(C5,merchants!$A$2:$D$41,2,FALSE),"Merchant not found") -> Merchant_022 | K5: =_xlfn.IFNA(VLOOKUP(C5,merchants!$A$2:$D$41,3,FALSE),"Merchant not found") -> travel | L5: =_xlfn.IFNA(VLOOKUP(C5,merchants!$A$2:$D$41,4,FALSE),"Merchant not found") -> South | M5: =HLOOKUP(G5,Fees!$B$1:$E$2,2,FALSE) -> 0.01 | N5: =IF(AND(K5<>"East",GETPIVOTDATA("amount_inr",'Daily Totals'!$A$4,"merchant_name",J5,"Days (transaction_time)",TEXT(D5,"dd-mmm"))>5000),"High-Value Merchant Day", "Normal") -> Normal
A6: TXN100004 | B6: 343 | C6: 16 | D6: 46052.577 | E6: =INT(D6) -> 46052 | F6: 99 | G6: UPI | H6: captured | I6: 34 | J6: =_xlfn.IFNA(VLOOKUP(C6,merchants!$A$2:$D$41,2,FALSE),"Merchant not found") -> Merchant_016 | K6: =_xlfn.IFNA(VLOOKUP(C6,merchants!$A$2:$D$41,3,FALSE),"Merchant not found") -> bill_payment | L6: =_xlfn.IFNA(VLOOKUP(C6,merchants!$A$2:$D$41,4,FALSE),"Merchant not found") -> West | M6: =HLOOKUP(G6,Fees!$B$1:$E$2,2,FALSE) -> 0 | N6: =IF(AND(K6<>"East",GETPIVOTDATA("amount_inr",'Daily Totals'!$A$4,"merchant_name",J6,"Days (transaction_time)",TEXT(D6,"dd-mmm"))>5000),"High-Value Merchant Day", "Normal") -> Normal
A7: TXN100005 | B7: 196 | C7: 3 | D7: 46028.921 | E7: =INT(D7) -> 46028 | F7: 99 | G7: UPI | H7: captured | I7: 60 | J7: =_xlfn.IFNA(VLOOKUP(C7,merchants!$A$2:$D$41,2,FALSE),"Merchant not found") -> Merchant_003 | K7: =_xlfn.IFNA(VLOOKUP(C7,merchants!$A$2:$D$41,3,FALSE),"Merchant not found") -> grocery | L7: =_xlfn.IFNA(VLOOKUP(C7,merchants!$A$2:$D$41,4,FALSE),"Merchant not found") -> East | M7: =HLOOKUP(G7,Fees!$B$1:$E$2,2,FALSE) -> 0 | N7: =IF(AND(K7<>"East",GETPIVOTDATA("amount_inr",'Daily Totals'!$A$4,"merchant_name",J7,"Days (transaction_time)",TEXT(D7,"dd-mmm"))>5000),"High-Value Merchant Day", "Normal") -> Normal
A8: TXN100006 | B8: 236 | C8: 23 | D8: 46030.286 | E8: =INT(D8) -> 46030 | F8: 99 | G8: Wallet | H8: captured | I8: 39 | J8: =_xlfn.IFNA(VLOOKUP(C8,merchants!$A$2:$D$41,2,FALSE),"Merchant not found") -> Merchant_023 | K8: =_xlfn.IFNA(VLOOKUP(C8,merchants!$A$2:$D$41,3,FALSE),"Merchant not found") -> travel | L8: =_xlfn.IFNA(VLOOKUP(C8,merchants!$A$2:$D$41,4,FALSE),"Merchant not found") -> North | M8: =HLOOKUP(G8,Fees!$B$1:$E$2,2,FALSE) -> 0.015 | N8: =IF(AND(K8<>"East",GETPIVOTDATA("amount_inr",'Daily Totals'!$A$4,"merchant_name",J8,"Days (transaction_time)",TEXT(D8,"dd-mmm"))>5000),"High-Value Merchant Day", "Normal") -> Normal
A9: TXN100007 | B9: 13 | C9: 13 | D9: 46049.301 | E9: =INT(D9) -> 46049 | F9: 99 | G9: UPI | H9: captured | I9: 51 | J9: =_xlfn.IFNA(VLOOKUP(C9,merchants!$A$2:$D$41,2,FALSE),"Merchant not found") -> Merchant_013 | K9: =_xlfn.IFNA(VLOOKUP(C9,merchants!$A$2:$D$41,3,FALSE),"Merchant not found") -> travel | L9: =_xlfn.IFNA(VLOOKUP(C9,merchants!$A$2:$D$41,4,FALSE),"Merchant not found") -> East | M9: =HLOOKUP(G9,Fees!$B$1:$E$2,2,FALSE) -> 0 | N9: =IF(AND(K9<>"East",GETPIVOTDATA("amount_inr",'Daily Totals'!$A$4,"merchant_name",J9,"Days (transaction_time)",TEXT(D9,"dd-mmm"))>5000),"High-Value Merchant Day", "Normal") -> Normal
A10: TXN100008 | B10: 36 | C10: 18 | D10: 46033.372 | E10: =INT(D10) -> 46033 | F10: 799 | G10: UPI | H10: captured | I10: 44 | J10: =_xlfn.IFNA(VLOOKUP(C10,merchants!$A$2:$D$41,2,FALSE),"Merchant not found") -> Merchant_018 | K10: =_xlfn.IFNA(VLOOKUP(C10,merchants!$A$2:$D$41,3,FALSE),"Merchant not found") -> grocery | L10: =_xlfn.IFNA(VLOOKUP(C10,merchants!$A$2:$D$41,4,FALSE),"Merchant not found") -> West | M10: =HLOOKUP(G10,Fees!$B$1:$E$2,2,FALSE) -> 0 | N10: =IF(AND(K10<>"East",GETPIVOTDATA("amount_inr",'Daily Totals'!$A$4,"merchant_name",J10,"Days (transaction_time)",TEXT(D10,"dd-mmm"))>5000),"High-Value Merchant Day", "Normal") -> Normal
A11: TXN100009 | B11: 348 | C11: 35 | D11: 46043.684 | E11: =INT(D11) -> 46043 | F11: 299 | G11: UPI | H11: captured | I11: 42 | J11: =_xlfn.IFNA(VLOOKUP(C11,merchants!$A$2:$D$41,2,FALSE),"Merchant not found") -> Merchant_035 | K11: =_xlfn.IFNA(VLOOKUP(C11,merchants!$A$2:$D$41,3,FALSE),"Merchant not found") -> recharge | L11: =_xlfn.IFNA(VLOOKUP(C11,merchants!$A$2:$D$41,4,FALSE),"Merchant not found") -> East | M11: =HLOOKUP(G11,Fees!$B$1:$E$2,2,FALSE) -> 0 | N11: =IF(AND(K11<>"East",GETPIVOTDATA("amount_inr",'Daily Totals'!$A$4,"merchant_name",J11,"Days (transaction_time)",TEXT(D11,"dd-mmm"))>5000),"High-Value Merchant Day", "Normal") -> Normal
A12: TXN100010 | B12: 134 | C12: 12 | D12: 46023.164 | E12: =INT(D12) -> 46023 | F12: 49 | G12: UPI | H12: captured | I12: 74 | J12: =_xlfn.IFNA(VLOOKUP(C12,merchants!$A$2:$D$41,2,FALSE),"Merchant not found") -> Merchant_012 | K12: =_xlfn.IFNA(VLOOKUP(C12,merchants!$A$2:$D$41,3,FALSE),"Merchant not found") -> ecommerce | L12: =_xlfn.IFNA(VLOOKUP(C12,merchants!$A$2:$D$41,4,FALSE),"Merchant not found") -> East | M12: =HLOOKUP(G12,Fees!$B$1:$E$2,2,FALSE) -> 0 | N12: =IF(AND(K12<>"East",GETPIVOTDATA("amount_inr",'Daily Totals'!$A$4,"merchant_name",J12,"Days (transaction_time)",TEXT(D12,"dd-mmm"))>5000),"High-Value Merchant Day", "Normal") -> Normal
A13: TXN100011 | B13: 306 | C13: 28 | D13: 46031.046 | E13: =INT(D13) -> 46031 | F13: 2999 | G13: Card | H13: failed | I13: 44 | J13: =_xlfn.IFNA(VLOOKUP(C13,merchants!$A$2:$D$41,2,FALSE),"Merchant not found") -> Merchant_028 | K13: =_xlfn.IFNA(VLOOKUP(C13,merchants!$A$2:$D$41,3,FALSE),"Merchant not found") -> ecommerce | L13: =_xlfn.IFNA(VLOOKUP(C13,merchants!$A$2:$D$41,4,FALSE),"Merchant not found") -> South | M13: =HLOOKUP(G13,Fees!$B$1:$E$2,2,FALSE) -> 0.02 | N13: =IF(AND(K13<>"East",GETPIVOTDATA("amount_inr",'Daily Totals'!$A$4,"merchant_name",J13,"Days (transaction_time)",TEXT(D13,"dd-mmm"))>5000),"High-Value Merchant Day", "Normal") -> Normal
... A548: TXN300031 | B548: 345 | C548: 12 | D548: 46045.377 | E548: =INT(D548) -> 46045 | F548: 399 | G548: Card | H548: captured | I548: 69 | J548: =_xlfn.IFNA(VLOOKUP(C548,merchants!$A$2:$D$41,2,FALSE),"Merchant not found") -> Merchant_012 | K548: =_xlfn.IFNA(VLOOKUP(C548,merchants!$A$2:$D$41,3,FALSE),"Merchant not found") -> ecommerce | L548: =_xlfn.IFNA(VLOOKUP(C548,merchants!$A$2:$D$41,4,FALSE),"Merchant not found") -> East | M548: =HLOOKUP(G548,Fees!$B$1:$E$2,2,FALSE) -> 0.02 | N548: =IF(AND(K548<>"East",GETPIVOTDATA("amount_inr",'Daily Totals'!$A$4,"merchant_name",J548,"Days (transaction_time)",TEXT(D548,"dd-mmm"))>5000),"High-Value Merchant Day", "Normal") -> Normal

Sheet Fees
A1: payment method | B1: UPI | C1: Wallet | D1: Card | E1: Netbanking
A2: fee percentage | B2: 0 | C2: 0.015 | D2: 0.02 | E2: 0.01

Sheet merchants
A1: merchant_id | B1: merchant_name | C1: category | D1: region
A2: 1 | B2: Merchant_001 | C2: ecommerce | D2: South
A3: 2 | B3: Merchant_002 | C3: grocery | D3: West
A4: 3 | B4: Merchant_003 | C4: grocery | D4: East
A5: 4 | B5: Merchant_004 | C5: ecommerce | D5: East
A6: 5 | B6: Merchant_005 | C6: recharge | D6: South
A7: 6 | B7: Merchant_006 | C7: food_delivery | D7: South
A8: 7 | B8: Merchant_007 | C8: food_delivery | D8: East
A9: 8 | B9: Merchant_008 | C9: food_delivery | D9: North
A10: 9 | B10: Merchant_009 | C10: ecommerce | D10: North
A11: 10 | B11: Merchant_010 | C11: grocery | D11: West
A12: 11 | B12: Merchant_011 | C12: ecommerce | D12: North
A13: 12 | B13: Merchant_012 | C13: ecommerce | D13: East
... A41: 40 | B41: Merchant_040 | C41: entertainment | D41: South
