Workbook

Sheet transactions-views
A1: transaction_id | B1: user_id | C1: merchant_id | D1: transaction_time | E1: amount_inr | F1: payment_method | G1: status | H1: risk_score | I1: merchant_name | J1: category | K1: region | L1: fee percentage
A2: TXN100000 | B2: 350 | C2: 16 | D2: 46051.467 | E2: 2999 | F2: Wallet | G2: captured | H2: 85 | I2: =_xlfn.IFNA(VLOOKUP(C2,merchants!$A$2:$D$41,2,FALSE),"Merchant not found") -> Merchant_016 | J2: =_xlfn.IFNA(VLOOKUP(C2,merchants!$A$2:$D$41,3,FALSE),"Merchant not found") -> bill_payment | K2: =_xlfn.IFNA(VLOOKUP(C2,merchants!$A$2:$D$41,4,FALSE),"Merchant not found") -> West | L2: =HLOOKUP(F2,Fees!$B$1:$E$2,2,FALSE) -> 0.015
A3: TXN100001 | B3: 287 | C3: 27 | D3: 46026.492 | E3: 49 | F3: UPI | G3: captured | H3: 79 | I3: =_xlfn.IFNA(VLOOKUP(C3,merchants!$A$2:$D$41,2,FALSE),"Merchant not found") -> Merchant_027 | J3: =_xlfn.IFNA(VLOOKUP(C3,merchants!$A$2:$D$41,3,FALSE),"Merchant not found") -> ecommerce | K3: =_xlfn.IFNA(VLOOKUP(C3,merchants!$A$2:$D$41,4,FALSE),"Merchant not found") -> North | L3: =HLOOKUP(F3,Fees!$B$1:$E$2,2,FALSE) -> 0
A4: TXN100002 | B4: 122 | C4: 11 | D4: 46046.208 | E4: 1499 | F4: Wallet | G4: captured | H4: 22 | I4: =_xlfn.IFNA(VLOOKUP(C4,merchants!$A$2:$D$41,2,FALSE),"Merchant not found") -> Merchant_011 | J4: =_xlfn.IFNA(VLOOKUP(C4,merchants!$A$2:$D$41,3,FALSE),"Merchant not found") -> ecommerce | K4: =_xlfn.IFNA(VLOOKUP(C4,merchants!$A$2:$D$41,4,FALSE),"Merchant not found") -> North | L4: =HLOOKUP(F4,Fees!$B$1:$E$2,2,FALSE) -> 0.015
A5: TXN100003 | B5: 92 | C5: 22 | D5: 46051.542 | E5: 49 | F5: Netbanking | G5: captured | H5: 100 | I5: =_xlfn.IFNA(VLOOKUP(C5,merchants!$A$2:$D$41,2,FALSE),"Merchant not found") -> Merchant_022 | J5: =_xlfn.IFNA(VLOOKUP(C5,merchants!$A$2:$D$41,3,FALSE),"Merchant not found") -> travel | K5: =_xlfn.IFNA(VLOOKUP(C5,merchants!$A$2:$D$41,4,FALSE),"Merchant not found") -> South | L5: =HLOOKUP(F5,Fees!$B$1:$E$2,2,FALSE) -> 0.01
A6: TXN100004 | B6: 343 | C6: 16 | D6: 46052.577 | E6: 99 | F6: UPI | G6: captured | H6: 34 | I6: =_xlfn.IFNA(VLOOKUP(C6,merchants!$A$2:$D$41,2,FALSE),"Merchant not found") -> Merchant_016 | J6: =_xlfn.IFNA(VLOOKUP(C6,merchants!$A$2:$D$41,3,FALSE),"Merchant not found") -> bill_payment | K6: =_xlfn.IFNA(VLOOKUP(C6,merchants!$A$2:$D$41,4,FALSE),"Merchant not found") -> West | L6: =HLOOKUP(F6,Fees!$B$1:$E$2,2,FALSE) -> 0
A7: TXN100005 | B7: 196 | C7: 3 | D7: 46028.921 | E7: 99 | F7: UPI | G7: captured | H7: 60 | I7: =_xlfn.IFNA(VLOOKUP(C7,merchants!$A$2:$D$41,2,FALSE),"Merchant not found") -> Merchant_003 | J7: =_xlfn.IFNA(VLOOKUP(C7,merchants!$A$2:$D$41,3,FALSE),"Merchant not found") -> grocery | K7: =_xlfn.IFNA(VLOOKUP(C7,merchants!$A$2:$D$41,4,FALSE),"Merchant not found") -> East | L7: =HLOOKUP(F7,Fees!$B$1:$E$2,2,FALSE) -> 0
A8: TXN100006 | B8: 236 | C8: 23 | D8: 46030.286 | E8: 99 | F8: Wallet | G8: captured | H8: 39 | I8: =_xlfn.IFNA(VLOOKUP(C8,merchants!$A$2:$D$41,2,FALSE),"Merchant not found") -> Merchant_023 | J8: =_xlfn.IFNA(VLOOKUP(C8,merchants!$A$2:$D$41,3,FALSE),"Merchant not found") -> travel | K8: =_xlfn.IFNA(VLOOKUP(C8,merchants!$A$2:$D$41,4,FALSE),"Merchant not found") -> North | L8: =HLOOKUP(F8,Fees!$B$1:$E$2,2,FALSE) -> 0.015
A9: TXN100007 | B9: 13 | C9: 13 | D9: 46049.301 | E9: 99 | F9: UPI | G9: captured | H9: 51 | I9: =_xlfn.IFNA(VLOOKUP(C9,merchants!$A$2:$D$41,2,FALSE),"Merchant not found") -> Merchant_013 | J9: =_xlfn.IFNA(VLOOKUP(C9,merchants!$A$2:$D$41,3,FALSE),"Merchant not found") -> travel | K9: =_xlfn.IFNA(VLOOKUP(C9,merchants!$A$2:$D$41,4,FALSE),"Merchant not found") -> East | L9: =HLOOKUP(F9,Fees!$B$1:$E$2,2,FALSE) -> 0
A10: TXN100008 | B10: 36 | C10: 18 | D10: 46033.372 | E10: 799 | F10: UPI | G10: captured | H10: 44 | I10: =_xlfn.IFNA(VLOOKUP(C10,merchants!$A$2:$D$41,2,FALSE),"Merchant not found") -> Merchant_018 | J10: =_xlfn.IFNA(VLOOKUP(C10,merchants!$A$2:$D$41,3,FALSE),"Merchant not found") -> grocery | K10: =_xlfn.IFNA(VLOOKUP(C10,merchants!$A$2:$D$41,4,FALSE),"Merchant not found") -> West | L10: =HLOOKUP(F10,Fees!$B$1:$E$2,2,FALSE) -> 0
A11: TXN100009 | B11: 348 | C11: 35 | D11: 46043.684 | E11: 299 | F11: UPI | G11: captured | H11: 42 | I11: =_xlfn.IFNA(VLOOKUP(C11,merchants!$A$2:$D$41,2,FALSE),"Merchant not found") -> Merchant_035 | J11: =_xlfn.IFNA(VLOOKUP(C11,merchants!$A$2:$D$41,3,FALSE),"Merchant not found") -> recharge | K11: =_xlfn.IFNA(VLOOKUP(C11,merchants!$A$2:$D$41,4,FALSE),"Merchant not found") -> East | L11: =HLOOKUP(F11,Fees!$B$1:$E$2,2,FALSE) -> 0
A12: TXN100010 | B12: 134 | C12: 12 | D12: 46023.164 | E12: 49 | F12: UPI | G12: captured | H12: 74 | I12: =_xlfn.IFNA(VLOOKUP(C12,merchants!$A$2:$D$41,2,FALSE),"Merchant not found") -> Merchant_012 | J12: =_xlfn.IFNA(VLOOKUP(C12,merchants!$A$2:$D$41,3,FALSE),"Merchant not found") -> ecommerce | K12: =_xlfn.IFNA(VLOOKUP(C12,merchants!$A$2:$D$41,4,FALSE),"Merchant not found") -> East | L12: =HLOOKUP(F12,Fees!$B$1:$E$2,2,FALSE) -> 0
A13: TXN100011 | B13: 306 | C13: 28 | D13: 46031.046 | E13: 2999 | F13: Card | G13: failed | H13: 44 | I13: =_xlfn.IFNA(VLOOKUP(C13,merchants!$A$2:$D$41,2,FALSE),"Merchant not found") -> Merchant_028 | J13: =_xlfn.IFNA(VLOOKUP(C13,merchants!$A$2:$D$41,3,FALSE),"Merchant not found") -> ecommerce | K13: =_xlfn.IFNA(VLOOKUP(C13,merchants!$A$2:$D$41,4,FALSE),"Merchant not found") -> South | L13: =HLOOKUP(F13,Fees!$B$1:$E$2,2,FALSE) -> 0.02
... A548: TXN300031 | B548: 345 | C548: 12 | D548: 46045.377 | E548: 399 | F548: Card | G548: captured | H548: 69 | I548: =_xlfn.IFNA(VLOOKUP(C548,merchants!$A$2:$D$41,2,FALSE),"Merchant not found") -> Merchant_012 | J548: =_xlfn.IFNA(VLOOKUP(C548,merchants!$A$2:$D$41,3,FALSE),"Merchant not found") -> ecommerce | K548: =_xlfn.IFNA(VLOOKUP(C548,merchants!$A$2:$D$41,4,FALSE),"Merchant not found") -> East | L548: =HLOOKUP(F548,Fees!$B$1:$E$2,2,FALSE) -> 0.02

Sheet Fees
A1: payment method | B1: UPI | C1: Wallet | D1: Card | E1: Netbanking
A2: fee percentage | B2: 0 | C2: 0.015 | D2: 0.02 | E2: 0.01

Sheet merchants
A1: merchant_id | B1: merchant_name | C1: category | D1: region
A2: 1 | B2: Merchant_001 | C2: ecommerce | D2: South
A3: 2 | B3: Merchant_002 | C3: grocery | D3: West
A4: 3 | B4: Merchant_003 | C4: grocery | D4: East
A5: 4 | B5: Merchant_004 | C5: ecommerce | D5: East
A6: 5 | B6: Merchant_005 | C6: recharge | D6: South
A7: 6 | B7: Merchant_006 | C7: food_delivery | D7: South
A8: 7 | B8: Merchant_007 | C8: food_delivery | D8: East
A9: 8 | B9: Merchant_008 | C9: food_delivery | D9: North
A10: 9 | B10: Merchant_009 | C10: ecommerce | D10: North
A11: 10 | B11: Merchant_010 | C11: grocery | D11: West
A12: 11 | B12: Merchant_011 | C12: ecommerce | D12: North
A13: 12 | B13: Merchant_012 | C13: ecommerce | D13: East
... A41: 40 | B41: Merchant_040 | C41: entertainment | D41: South
